N,Support,Date
1,Food support,14/02/2024
2,Food support,14/02/2024
3,Food support,14/02/2024
4,Food support,14/02/2024
5,Food support,14/02/2024
6,Food support,14/02/2024
7,Food support,14/02/2024
8,Food support,14/02/2024
9,Food support,14/02/2024
10,Food support,14/02/2024
11,Food support,14/02/2024
12,Food support,14/02/2024
13,Food support,14/02/2024
14,Food support,14/02/2024
15,Food support,14/02/2024
16,Food support,14/02/2024
17,Food support,13/09/2023
18,Food support,13/09/2023
19,Food support,13/09/2023
20,Food support,13/09/2023
21,Food support,13/09/2023
22,Food support,13/09/2023
23,Food support,13/09/2023
24,Food support,13/09/2023
25,Food support,13/09/0203
26,Food support,13/09/2023
27,Food support,13/09/2023
28,Food support,13/09/2023
29,Food support,13/09/2023
30,Food support,13/09/2023
31,Food support,13/09/2023
32,Food support,13/09/2023
33,Food support,13/09/2023
34,Food support,25/08/2023
35,Food support,25/08/2023
36,Food support,25/08/2023
37,Food support,25/08/2023
38,Food support,25/08/2023
39,Food support,25/08/2023
40,Food support,25/08/2023
41,Food support,25/08/2023
42,Food support,25/08/2023
43,Food support,25/08/2023
44,Food support,25/08/2023
45,Food support,25/08/2023
46,Food support,25/08/2023